Game_name,Platform,Publisher,Developer,Total_Shipped,Year
Wii Sports,Wii,Nintendo,Nintendo EAD,83,2006
Super Mario Bros.,NES,Nintendo,Nintendo EAD,40,1985
Counter-Strike: Global Offensive,PC,Valve,Valve Corporation,40,2012
Mario Kart Wii,Wii,Nintendo,Nintendo EAD,37,2008
PLAYERUNKNOWN'S BATTLEGROUNDS,PC,PUBG Corporation,PUBG Corporation,37,2017
Minecraft,PC,Mojang,Mojang AB,33,2010
Wii Sports Resort,Wii,Nintendo,Nintendo EAD,33,2009
Pokemon Red / Green / Blue Version,GB,Nintendo,Game Freak,31,1998
New Super Mario Bros.,DS,Nintendo,Nintendo EAD,31,2006
New Super Mario Bros. Wii,Wii,Nintendo,Nintendo EAD,30,2009
Tetris,GB,Nintendo,Bullet Proof Software,30,1989
Call of Duty: Modern Warfare,PS4,Activision,Infinity Ward,30,2019
Duck Hunt,NES,Nintendo,Nintendo R&D1,28,1985
Wii Play,Wii,Nintendo,Nintendo EAD,28,2007
Mario Kart 8 Deluxe,NS,Nintendo,Nintendo EPD,25,2017
Kinect Adventures!,X360,Microsoft Game Studios,Good Science Studio,24,2010
Nintendogs,DS,Nintendo,Nintendo EAD,24,2005
Mario Kart DS,DS,Nintendo,Nintendo EAD,24,2005
Pokemon Gold / Silver Version,GB,Nintendo,Game Freak,23,2000
Wii Fit,Wii,Nintendo,Nintendo EAD,23,2008
Wii Fit Plus,Wii,Nintendo,Nintendo EAD,21,2009
Super Mario World,SNES,Nintendo,Nintendo EAD,21,1991
Grand Theft Auto V,PS3,Rockstar Games,Rockstar North,20,2013
Grand Theft Auto V,PS4,Rockstar Games,Rockstar North,19,2014
Brain Age: Train Your Brain in Minutes a Day,DS,Nintendo,Nintendo SDD,19,2006
Super Smash Bros. Ultimate,NS,Nintendo,Bandai Namco Games,19,2018
Mario Kart 7,3DS,Nintendo,Nintendo EAD / Retro Studios,19,2011
Super Mario Land,GB,Nintendo,Nintendo R&D1,18,1989
Pokemon Diamond / Pearl Version,DS,Nintendo,Game Freak,18,2007
Super Mario Odyssey,NS,Nintendo,Nintendo EPD,17,2017
The Legend of Zelda: Breath of the Wild,NS,Nintendo,Nintendo EPD,17,2017
Pokemon Sword / Shield,NS,Nintendo,Game Freak,17,2019
Grand Theft Auto: San Andreas,PS2,Rockstar Games,Rockstar North,17,2004
Super Mario Bros. 3,NES,Nintendo,Nintendo R&D2,17,1990
Garry's Mod,PC,Valve,Facepunch Studios,17,2006
Pokemon X/Y,3DS,Nintendo,Game Freak,16,2013
Uncharted 4: A Thief's End,PS4,Sony Interactive Entertainment,Naughty Dog,16,2016
Pokemon Ruby / Sapphire Version,GBA,Nintendo,Game Freak,16,2003
Pokemon Sun/Moon,3DS,Nintendo,Game Freak,16,2016
Grand Theft Auto: Vice City,PS2,Rockstar Games,Rockstar North,16,2002
Grand Theft Auto V,X360,Rockstar Games,Rockstar North,16,2013
Pokemon Black / White Version,DS,Nintendo,Game Freak,16,2011
Call of Duty: Black Ops 3,PS4,Activision,Treyarch,15,2015
Counter-Strike: Source,PC,VU Games,Valve Software,15,2004
Sonic the Hedgehog,GEN,Sega,Sonic Team,15,1991
Gran Turismo 3: A-Spec,PS2,Sony Computer Entertainment,Polyphony Digital,15,2001
Brain Age 2: More Training in Minutes a Day,DS,Nintendo,Nintendo SDD,15,2007
Call of Duty: Modern Warfare 3,X360,Activision,Infinity Ward,15,2011
Call of Duty: Black Ops,X360,Activision,Treyarch,15,2010
Pokemon Yellow: Special Pikachu Edition,GB,Nintendo,Game Freak,15,1999
Halo 3,X360,Microsoft Game Studios,Bungie Studios,15,2007
Pokemon Omega Ruby/Pokemon Alpha Sapphire,3DS,Nintendo,Game Freak,14,2014
Terraria,PC,Unknown,Re-Logic,14,2011
Red Dead Redemption 2,PS4,Rockstar Games,Rockstar Games,14,2018
Call of Duty: Black Ops II,X360,Activision,Treyarch,14,2012
Call of Duty: Black Ops II,PS3,Activision,Treyarch,14,2012
Call of Duty: Modern Warfare 2,X360,Activision,Infinity Ward,14,2009
Animal Crossing: New Horizons,NS,Nintendo,Nintendo,13,2020
Call of Duty: WWII,PS4,Activision,Sledgehammer Games,13,2017
Call of Duty: Modern Warfare 3,PS3,Activision,Infinity Ward,13,2011
New Super Mario Bros. 2,3DS,Nintendo,Nintendo,13,2012
Super Smash Bros. Brawl,Wii,Nintendo,Project Sora,13,2008
Marvel's Spider-Man,PS4,Sony Interactive Entertainment,Insomniac Games,13,2018
Grand Theft Auto III,PS2,Rockstar Games,DMA Design,13,2001
Portal 2,PC,Valve,Valve Software,13,2011
Minecraft,X360,Microsoft Studios,Mojang,13,2013
Super Mario Galaxy,Wii,Nintendo,Nintendo EAD Tokyo,13,2007
Pokemon Heart Gold / Soul Silver Version,DS,Nintendo,Game Freak,13,2010
Super Mario 3D Land,3DS,Nintendo,Nintendo EAD Tokyo,13,2011
Call of Duty: Black Ops,PS3,Activision,Treyarch,13,2010
Grand Theft Auto V,PC,Rockstar Games,Rockstar North,13,2015
Animal Crossing: New Leaf,3DS,Nintendo,Nintendo EAD,13,2013
The Witcher 3: Wild Hunt,PC,Warner Bros. Interactive Entertainment,CD Projekt Red Studio,12,2015
Diablo III,PC,Blizzard Entertainment,Blizzard Entertainment,12,2012
Half-Life 2,PC,VU Games,Valve Software,12,2004
Pokemon FireRed / LeafGreen Version,GBA,Nintendo,Game Freak,12,2004
World of Warcraft,PC,Blizzard Entertainment,Blizzard Entertainment,12,2004
"Pokemon: Let's Go, Pikachu/Eevee",NS,Nintendo,Game Freak,12,2018
Gran Turismo 5,PS3,Sony Computer Entertainment,Polyphony Digital,12,2010
Super Mario 64,N64,Nintendo,Nintendo EAD,12,1996
FIFA 18,PS4,EA Sports,EA Vancouver,12,2017
The Last of Us Remastered,PS4,Sony Computer Entertainment,Naughty Dog,12,2014
Gran Turismo 4,PS2,Sony Computer Entertainment,Polyphony Digital,12,2005
Animal Crossing: Wild World,DS,Nintendo,Nintendo EAD,12,2005
Super Mario Land 2: 6 Golden Coins,GB,Nintendo,Nintendo R&D1,11,1992
Grand Theft Auto IV,X360,Rockstar Games,Rockstar North,11,2008
Super Mario 64 DS,DS,Nintendo,Nintendo EAD,11,2004
God of War (2018),PS4,Sony Interactive Entertainment,SIE Santa Monica Studio,11,2018
StarCraft,PC,Blizzard Entertainment,Blizzard Entertainment,11,1998
FIFA 17,PS4,Electronic Arts,EA Canada,11,2016
Gran Turismo,PS,Sony Computer Entertainment,Polyphony Digital,11,1998
The Witcher 3: Wild Hunt,PS4,Warner Bros. Interactive Entertainment,CD Projekt Red Studio,11,2015
Call of Duty: Modern Warfare 2,PS3,Activision,Infinity Ward,11,2009
Grand Theft Auto IV,PS3,Rockstar Games,Rockstar North,11,2008
Super Mario All-Stars,SNES,Nintendo,Nintendo EAD,11,1993
Call of Duty: Ghosts,X360,Activision,Infinity Ward,10,2013
Just Dance 3,Wii,Ubisoft,Ubisoft Paris,10,2011
Call of Duty: Ghosts,PS3,Activision,Infinity Ward,10,2013
Splatoon 2,NS,Nintendo,Nintendo EPD,10,2017
Super Mario Party,NS,Nintendo,"Nd Cube Co., Ltd.",10,2018
Horizon: Zero Dawn,PS4,Sony Interactive Entertainment,Guerrilla Games,10,2017
RollerCoaster Tycoon 3,PC,Atari,Frontier Developments,10,2004
Halo: Reach,X360,Microsoft Game Studios,Bungie,10,2010
Portal,PC,Valve Corporation,Valve Software,10,2008
Halo 4,X360,Microsoft Studios,343 Industries,10,2012
Final Fantasy VII,PS,Sony Computer Entertainment,SquareSoft,10,1997
Mario Kart 64,N64,Nintendo,Nintendo EAD,10,1997
Super Smash Bros. for 3DS,3DS,Nintendo,Bandai Namco Games,10,2014
Call of Duty 4: Modern Warfare,X360,Activision,Infinity Ward,9,2007
Gran Turismo 2,PS,Sony Computer Entertainment,Polyphony Digital,9,1999
Wii Party,Wii,Nintendo,"Nd Cube Co., Ltd.",9,2010
Call of Duty: Black Ops IIII,PS4,Activision,Treyarch,9,2018
Mario Party DS,DS,Nintendo,Hudson Soft,9,2007
Donkey Kong Country,SNES,Nintendo,Rare Ltd.,9,1994
Half-Life,PC,Sierra Entertainment,Valve Software,9,1998
Uncharted 3: Drake's Deception,PS3,Sony Computer Entertainment,Naughty Dog,9,2011
FIFA 19,PS4,Electronic Arts,EA Sports,9,2018
Rust,PC,Facepunch Studios,Facepunch Studios,9,2018
The Elder Scrolls V: Skyrim,X360,Bethesda Softworks,Bethesda Game Studios,9,2011
Mario Party 8,Wii,Nintendo,Hudson Soft,9,2007
Pokemon: Ultra Sun and Ultra Moon,3DS,Nintendo,Game Freak,9,2017
Super Mario Kart,SNES,Nintendo,Nintendo EAD,9,1992
Grand Theft Auto V,XOne,Rockstar Games,Rockstar North,9,2014
Final Fantasy VIII,PS,Square EA,SquareSoft,9,1999
Final Fantasy X,PS2,Square,SquareSoft,9,2001
Pokemon Black 2 and White 2,DS,Nintendo,Game Freak,9,2012
Call of Duty: Infinite Warfare,PS4,Activision,Infinity Ward,8,2016
Fallout 4,PS4,Bethesda Softworks,Bethesda Game Studios,8,2015
Mario Kart 8,WiiU,Nintendo,Nintendo,8,2014
Tekken 3,PS,Namco,Namco,8,1998
FIFA 16,PS4,EA Sports,EA Canada,8,2015
The Last of Us,PS3,Sony Computer Entertainment America,Naughty Dog,8,2013
GoldenEye 007,N64,Nintendo,Rare Ltd.,8,1997
Star Wars Battlefront (2015),PS4,Electronic Arts,EA DICE,8,2015
FIFA 13,PS3,EA Sports,EA Canada,8,2012
NBA 2K20,PS4,2K Sports,Visual Concepts,8,2019
Halo 2,XB,Microsoft Game Studios,Bungie Studios,8,2004
The Sims 3,PC,Electronic Arts,EA Redwood Shores,8,2009
Grand Theft Auto: Liberty City Stories,PSP,Rockstar Games,Rockstar Leeds,8,2005
Pac-Man,2600,Atari,Atari,8,1982
God of War III,PS3,Sony Computer Entertainment,SCEA Santa Monica Studio,8,2010
Pokemon Platinum Version,DS,Nintendo,Game Freak,8,2009
The Legend of Zelda: Ocarina of Time,N64,Nintendo,Nintendo EAD,8,1998
Crash Bandicoot 2: Cortex Strikes Back,PS,Sony Computer Entertainment,Naughty Dog,8,1997
Call of Duty: Advanced Warfare,PS4,Activision,Sledgehammer Games,8,2014
Call of Duty: World at War,X360,Activision,Treyarch,8,2008
Super Mario Bros. 2,NES,Nintendo,Nintendo EAD,7,1988
Super Mario Galaxy 2,Wii,Nintendo,Nintendo EAD Tokyo,7,2010
Super Smash Bros. Melee,GC,Nintendo,HAL Laboratory,7,2001
Call of Duty: Black Ops 3,XOne,Activision,Treyarch,7,2015
Battlefield 3,X360,Electronic Arts,Dice,7,2011
Yokai Watch 2: Bony Spirits / Fleshy Souls / Psychic Specters,3DS,Nintendo,Level 5,7,2016
The Legend of Zelda: Twilight Princess,Wii,Nintendo,Nintendo EAD,7,2006
Battlefield 1,PS4,Electronic Arts,EA DICE,7,2016
Battlefield 3,PS3,Electronic Arts,Dice,7,2011
Need for Speed Underground,PS2,Electronic Arts,EA Black Box,7,2003
The Binding of Isaac,PC,Edmund McMillen,Edmund McMillen,7,2011
FIFA 20,PS4,Electronic Arts,EA Sports,7,2019
Crash Bandicoot 3: Warped,PS,Sony Computer Entertainment,Naughty Dog,7,1998
Pokemon Emerald Version,GBA,Nintendo,Game Freak,7,2005
Guild Wars 2,PC,NCSoft,ArenaNet,7,2012
Need for Speed Underground 2,PS2,Electronic Arts,EA Black Box,7,2004
Just Dance 4,Wii,Ubisoft,Ubisoft,7,2012
Mario Kart: Double Dash!!,GC,Nintendo,Nintendo EAD,7,2003
Medal of Honor: Frontline,PS2,Electronic Arts,EA Los Angeles,7,2002
Crash Bandicoot,PS,Sony Computer Entertainment,Naughty Dog,7,1996
Uncharted 2: Among Thieves,PS3,Sony Computer Entertainment,Naughty Dog,7,2009
Call of Duty 4: Modern Warfare,PS3,Activision,Infinity Ward,7,2007
FIFA Soccer 12,PS3,EA Sports,EA Canada,7,2011
FIFA 14,PS3,EA Sports,EA Canada,7,2013
Fallout 4,PC,Bethesda Softworks,Bethesda Game Studios,7,2015
New Super Mario Bros. U Deluxe,NS,Nintendo,Nintendo EPD,7,2019
Tomodachi Life,3DS,Nintendo,Nintendo,7,2014
Red Dead Redemption,PS3,Rockstar Games,Rockstar San Diego,7,2011
Donkey Kong Country Returns,Wii,Nintendo,Retro Studios,7,2010
The Legend of Zelda,NES,Nintendo,Nintendo EAD,7,1987
Assassin's Creed III,PS3,Ubisoft,Ubisoft Montreal,7,2012
Guild Wars,PC,NCSoft,ArenaNet,7,2005
Red Dead Redemption,X360,Rockstar Games,Rockstar San Diego,7,2010
The Elder Scrolls V: Skyrim,PS3,Bethesda Softworks,Bethesda Game Studios,6,2011
Final Fantasy XII,PS2,Square Enix,Square Enix,6,2006
Pokemon Crystal Version,GBC,Nintendo,Game Freak,6,2001
Halo 3: ODST,X360,Microsoft Game Studios,Bungie,6,2009
Minecraft,PS4,Sony Computer Entertainment,Mojang,6,2014
Luigi's Mansion 3,NS,Nintendo,"Next Level Games, Inc.",6,2019
FIFA 15,PS4,EA Sports,EA Canada,6,2014
Kingdom Hearts,PS2,Square EA,SquareSoft,6,2002
Myst,PC,Broderbund,Cyan Worlds,6,1995
Street Fighter II: The World Warrior,SNES,Capcom,Capcom,6,1992
Driver,PS,GT Interactive,Reflections Interactive,6,1999
Call of Duty: WWII,XOne,Activision,Sledgehammer Games,6,2017
Luigi's Mansion: Dark Moon,3DS,Nintendo,Next Level Games,6,2013
Big Brain Academy,DS,Nintendo,Nintendo EAD,6,2006
Minecraft,PS3,Sony Computer Entertainment America,Mojang,6,2014
Metal Gear Solid 2: Sons of Liberty,PS2,Konami,Konami Computer Entertainment Japan,6,2001
The Legend of Zelda: Ocarina of Time 3D,3DS,Nintendo,GREZZO,6,2011
Cities: Skylines,PC,Paradox Interactive,Colossal Order,6,2015
Metal Gear Solid,PS,Konami,Konami Computer Entertainment Japan,6,1998
Sonic the Hedgehog 2,GEN,Sega,Sonic Team,6,1992
Metal Gear Solid 4: Guns of the Patriots,PS3,Konami,Kojima Productions,6,2008
Euro Truck Simulator 2,PC,SCS Software,SCS Software,6,2013
Mario Kart: Super Circuit,GBA,Nintendo,Intelligent Systems,6,2001
Super Mario Sunshine,GC,Nintendo,Nintendo EAD,6,2002
Super Mario 3D World,WiiU,Nintendo,Nintendo EAD Tokyo,6,2013
Age of Empires II: HD Edition,PC,Microsoft Studios,Hidden Path Entertainment,6,2013
New Super Mario Bros. U,WiiU,Nintendo,Nintendo EAD,6,2012
Link's Crossbow Training,Wii,Nintendo,Nintendo EAD,6,2007
Red Dead Redemption 2,XOne,Rockstar Games,Rockstar Games,6,2018
Destiny,PS4,Activision,Bungie,6,2014
Tekken 2,PS,Namco,Namco,6,1996
Uncharted: The Nathan Drake Collection,PS4,Sony Computer Entertainment,Bluepoint Games,6,2015
Super Mario World: Super Mario Advance 2,GBA,Nintendo,Nintendo EAD,6,2002
LEGO Star Wars: The Complete Saga,Wii,LucasArts,Traveller's Tales,6,2007
Cooking Mama,DS,Majesco,Office Create,6,2006
Tetris,NES,Nintendo,Nintendo,6,1989
Super Mario Advance,GBA,Nintendo,Nintendo EAD,6,2001
Assassin's Creed II,PS3,Ubisoft,Ubisoft Montreal,6,2009
Super Smash Bros.,N64,Nintendo,HAL Laboratory,6,1999
Assassin's Creed,X360,Ubisoft,Ubisoft Montreal,6,2007
Batman: Arkham City,PS3,Warner Bros. Interactive,Rocksteady Studios,6,2011
Forza Motorsport 3,X360,Microsoft Game Studios,Turn 10 Studios,6,2009
Dragon Quest IX: Sentinels of the Starry Skies,DS,Nintendo,Level 5,6,2010
Final Fantasy IX,PS,Square,SquareSoft,6,2000
Final Fantasy X-2,PS2,Square Enix,Square Enix,6,2003
Sid Meier's Civilization VI,PC,2K Games,Firaxis Games,6,2016
Tomb Raider (2013),PC,Square Enix,Crystal Dynamics,6,2013
Super Mario Maker 2,NS,Nintendo,Nintendo,5,2019
Pokemon Stadium,N64,Nintendo,HAL Laboratory,5,2000
Minecraft,XOne,Microsoft Studios,Mojang,5,2014
Call of Duty: World at War,PS3,Activision,Treyarch,5,2008
Super Mario Advance 4: Super Mario Bros. 3,GBA,Nintendo,Nintendo EAD,5,2003
Crash Bandicoot: The Wrath of Cortex,PS2,Universal Interactive,Traveller's Tales,5,2001
Super Smash Bros. for Wii U,WiiU,Nintendo,Bandai Namco Games,5,2014
Final Fantasy XIII,PS3,Square Enix,Square Enix,5,2010
Gran Turismo 5 Prologue,PS3,Sony Computer Entertainment,Polyphony Digital,5,2008
Dr. Mario,GB,Nintendo,Nintendo R&D1,5,1990
Assassin's Creed III,X360,Ubisoft,Ubisoft Montreal,5,2012
Pokemon Pinball,GBC,Nintendo,Jupiter Corporation,5,1999
Assassin's Creed II,X360,Ubisoft,Ubisoft Montreal,5,2009
The Forest,PC,Endnight Games Ltd,Unknown,5,2014
Donkey Kong 64,N64,Nintendo,Rare Ltd.,5,1999
Just Dance 2,Wii,Ubisoft,Ubisoft Paris,5,2010
Tomb Raider II,PS,Eidos Interactive,Core Design Ltd.,5,1997
Madden NFL 2004,PS2,EA Sports,EA Tiburon,5,2003
Call of Duty: Advanced Warfare,XOne,Activision,Sledgehammer Games,5,2014
Fallout: New Vegas,PC,Bethesda Softworks,Obsidian Entertainment,5,2010
Gran Turismo 6,PS3,Sony Computer Entertainment America,Polyphony Digital,5,2013
Kingdom Hearts II,PS2,Square Enix,Square Enix,5,2006
Nintendo Land,WiiU,Nintendo,Nintendo,5,2012
Super Mario Land 3: Wario Land,GB,Nintendo,Nintendo R&D1,5,1994
Donkey Kong Country 2: Diddy's Kong Quest,SNES,Nintendo,Rare Ltd.,5,1995
Medal of Honor: Rising Sun,PS2,Electronic Arts,EA Los Angeles,5,2003
Battlefield 1,XOne,Electronic Arts,EA DICE,5,2016
Kirby's Dream Land,GB,Nintendo,HAL Laboratory,5,1992
Microsoft Flight Simulator,PC,Microsoft,Microsoft,5,1996
Guitar Hero II,PS2,RedOctane,Harmonix Music Systems,5,2006
FIFA 13,X360,EA Sports,EA Canada,5,2012
Resident Evil 5,PS3,Capcom,Capcom,5,2009
Fable III,X360,Microsoft Game Studios,Lionhead Studios,5,2010
Mario & Sonic at the Olympic Games,DS,Sega,Sega,5,2008
Grand Theft Auto: Vice City Stories,PSP,Rockstar Games,Rockstar Leeds,5,2006
FIFA Soccer 11,PS3,EA Sports,EA Canada,5,2010
Super Mario Bros. Deluxe,GB,Nintendo,Nintendo EAD,5,1999
Final Fantasy XV,PS4,Square Enix,Square Enix,5,2016
Fallout 4,XOne,Bethesda Softworks,Bethesda Game Studios,5,2015
Tony Hawk's Pro Skater,PS,Activision,Neversoft Entertainment,5,1999
Warzone 2100,PS,Eidos Interactive,Pumpkin Studios,5,1999
Spyro the Dragon,PS,Sony Computer Entertainment,Insomniac Games,5,1998
Gears of War,X360,Microsoft Game Studios,Epic Games,5,2006
Gears of War 2,X360,Microsoft Game Studios,Epic Games,5,2008
Halo 5: Guardians,XOne,Microsoft Studios,343 Industries,5,2015
Halo: Combat Evolved,XB,Microsoft,Bungie Studios,5,2001
Guitar Hero III: Legends of Rock,PS2,RedOctane,BudCat Creations,5,2007
Uncharted: Drake's Fortune,PS3,Sony Computer Entertainment,Naughty Dog,5,2007
Resident Evil 2,PS,Capcom,Capcom,5,1998
Fallout 3,X360,Bethesda Softworks,Bethesda Game Studios,5,2008
Splatoon,WiiU,Nintendo,Nintendo EAD,5,2015
Madden NFL 06,PS2,EA Sports,EA Tiburon,5,2005
Stardew Valley,PC,Chucklefish,ConcernedApe,5,2016
Dragon Quest VIII: Journey of the Cursed King,PS2,Square Enix,Level 5 / Armor Project,5,2005
Monster Hunter Freedom 3,PSP,Capcom,Capcom,5,2010
Diddy Kong Racing,N64,Nintendo,Rare Ltd.,5,1997
Pokemon Mystery Dungeon: Explorers of Time / Darkness,DS,Nintendo,ChunSoft,5,2008
Call of Duty: Black Ops IIII,XOne,Activision,Treyarch,5,2018
Dr. Mario,NES,Nintendo,Nintendo R&D1,5,1990
Crash Bandicoot N. Sane Trilogy,PS4,Activision,Vicarious Visions,5,2017
Assassin's Creed,PS3,Ubisoft,Ubisoft Montreal,5,2007
Call of Duty: Infinite Warfare,XOne,Activision,Infinity Ward,5,2016
Crash Team Racing,PS,Sony Computer Entertainment,Naughty Dog,5,1999
LEGO Star Wars: The Complete Saga,DS,LucasArts,Traveller's Tales,5,2007
The Legend of Zelda: Phantom Hourglass,DS,Nintendo,Nintendo EAD,5,2007
Batman: Arkham City,X360,Warner Bros. Interactive,Rocksteady Studios,5,2011
Driver 2,PS,Atari,Reflections Interactive,5,2000
The Simpsons: Hit & Run,PS2,VU Games,Radical Entertainment,5,2003
World of Warcraft: Cataclysm,PC,Blizzard Entertainment,Blizzard Entertainment,5,2010
Tony Hawk's Pro Skater 2,PS,Activision,Neversoft Entertainment,5,2000
Gran Turismo,PSP,Sony Computer Entertainment,Polyphony Digital,5,2009
The Lord of the Rings: The Two Towers,PS2,Electronic Arts,Stormfront Studios,5,2002
Tomb Raider,PS,Eidos Interactive,Core Design Ltd.,5,1996
God of War,PS2,Sony Computer Entertainment,SCEA Santa Monica Studio,5,2005
The Legend of Zelda: A Link to the Past,SNES,Nintendo,Nintendo EAD,5,1992
Left 4 Dead,PC,Valve Corporation,Valve Software,5,2008
Forza Motorsport 4,X360,Microsoft Studios,Turn 10 Studio,5,2011
Guitar Hero III: Legends of Rock,Wii,RedOctane,Vicarious Visions,5,2007
Nintendogs + cats,3DS,Nintendo,Nintendo EAD,5,2011
"Pokemon: Let's Go, Pikachu!",NS,Nintendo,Game Freak,5,2018
BioShock Infinite,PC,2K Games,Irrational Games,5,2013
Mario & Luigi: Bowser's Inside Story,DS,Nintendo,AlphaDream Corporation,5,2009
FIFA 15,PS3,EA Sports,EA Canada,5,2014
Mario & Sonic at the Olympic Winter Games,Wii,Sega,Sega,5,2009
Overwatch,PS4,Blizzard Entertainment,Blizzard Entertainment,5,2016
Madden NFL 2005,PS2,EA Sports,EA Tiburon,5,2004
Guitar Hero III: Legends of Rock,X360,RedOctane,Neversoft,5,2007
Star Wars Battlefront II (2017),PS4,Electronic Arts,EA DICE,5,2017
Dead Island,PC,Deep Silver,Techland,5,2011
Arma 2: Operation Arrowhead,PC,Meridian4,Bohemia Interactive,5,2010
ARK: Survival Evolved,PC,Studio Wildcard,Studio Wildcard,5,2015
LittleBigPlanet,PS3,Sony Computer Entertainment,Media Molecule,5,2008
Riven: The Sequel to Myst,PC,Red Orb,Cyan Worlds,5,1997
StarCraft II: Wings of Liberty,PC,Blizzard Entertainment,Blizzard Entertainment,5,2010
Warcraft III: Reign of Chaos,PC,Blizzard Entertainment,Blizzard Entertainment,5,2002
Pitfall!,2600,Activision,Activision,5,1982
Professor Layton and the Curious Village,DS,Nintendo,Level 5,4,2008
Madden NFL 07,PS2,EA Sports,EA Tiburon,4,2006
Spider-Man: The Movie,PS2,Activision,Treyarch,4,2002
The Elder Scrolls IV: Oblivion,X360,Take-Two Interactive,Bethesda Softworks,4,2009
The Legend of Zelda: The Wind Waker,GC,Nintendo,Nintendo EAD,4,2003
Tony Hawk's Pro Skater 3,PS2,Activision,Neversoft Entertainment,4,2001
Winning Eleven: Pro Evolution Soccer 2007,PS2,Konami,Konami Computer Entertainment Tokyo,4,2007
The Legend of Zelda: Link's Awakening,NS,Nintendo,Nintendo,4,2019
Zelda II: The Adventure of Link,NES,Nintendo,Nintendo EAD,4,1988
Michael Jackson: The Experience,Wii,Ubisoft,Ubisoft Montpellier,4,2010
Tom Clancy's The Division,PS4,Ubisoft,Massive Entertainment,4,2016
Need for Speed: Most Wanted,PS2,Electronic Arts,EA Canada,4,2005
Resistance: Fall of Man,PS3,Sony Computer Entertainment,Insomniac Games,4,2006
Tom Clancy's Rainbow Six: Siege,PS4,Ubisoft,Ubisoft Montreal,4,2015
Call of Duty: Advanced Warfare,X360,Activision,High Moon Studios,4,2014
Watch Dogs,PS4,Ubisoft,Ubisoft Montreal,4,2014
Animal Crossing: City Folk,Wii,Nintendo,Nintendo EAD,4,2008
Starbound,PC,"Infocom, Inc.",Unknown,4,2014
Asteroids,2600,Atari,Atari,4,1981
Dragon Quest VII,PS,Enix,Heart Beat,4,2001
Monster Hunter Generations,3DS,Capcom,Capcom,4,2016
The Witcher 3: Wild Hunt,XOne,Warner Bros. Interactive Entertainment,CD Projekt Red Studio,4,2015
Batman: Arkham Asylum,PS3,Eidos Interactive,Rocksteady Studios,4,2009
Call of Duty: Advanced Warfare,PS3,Activision,High Moon Studios,4,2014
God of War II,PS2,Sony Computer Entertainment,SCEA Santa Monica Studio,4,2007
Namco Museum,GBA,Namco,Mass Media,4,2001
Daxter,PSP,Sony Computer Entertainment,Ready at Dawn,4,2006
Super Paper Mario,Wii,Nintendo,Intelligent Systems,4,2007
Assassin's Creed: Revelations,PS3,Ubisoft,Ubisoft Montreal,4,2011
Metal Gear Solid 3: Snake Eater,PS2,Konami,KCEJ / Kojima Productions,4,2004
Assassin's Creed: Revelations,X360,Ubisoft,Ubisoft Montreal,4,2011
FIFA Soccer 06,PS2,EA Sports,EA Canada,4,2005
Counter-Strike,PC,Sierra Studios,Unknown,4,2000
Monster Hunter 4 Ultimate,3DS,Capcom,Capcom,4,2015
Mortal Kombat 11,PS4,NetherRealm Studios,Warner Bros. Interactive Entertainment,4,2019
Street Fighter IV,PS3,Capcom,Capcom / Dimps Corporation,4,2009
7 Days to Die,PC,The Fun Pimps,The Fun Pimps,4,2013
FIFA Soccer 12,X360,EA Sports,EA Canada,4,2011
Call of Duty: Ghosts,PS4,Activision,Infinity Ward,4,2013
Teenage Mutant Ninja Turtles,NES,Ultra Games,Konami,4,1989
Just Cause 2,PC,Eidos Interactive,Avalanche Studios,4,2010
Excitebike,NES,Nintendo,Nintendo R&D1,4,1985
Frogger,PS,Hasbro Interactive,Millenium Interactive,4,1997
Star Wars Battlefront (2015),XOne,Electronic Arts,EA DICE,4,2015
FIFA 14,X360,EA Sports,EA Canada,4,2013
Madden NFL 2003,PS2,EA Sports,EA Tiburon,4,2002
Assassin's Creed: Unity,PS4,Ubisoft,Ubisoft Montreal,4,2014
Destiny 2,PS4,Activision,Bungie,4,2017
Super Mario World 2: Yoshi's Island,SNES,Nintendo,Nintendo EAD,4,1995
Batman: Arkham Knight,PS4,Warner Bros. Interactive,Rocksteady Studios,4,2015
FIFA 07 Soccer,PS2,EA Sports,Team Fusion,4,2006
The Sims 4,PC,Electronic Arts,Maxis,4,2014
Monster Hunter 4,3DS,Capcom,Capcom,4,2013
Street Fighter II Turbo,SNES,Capcom,Capcom,4,1993
Fallout: New Vegas,X360,Bethesda Softworks,Obsidian Entertainment,4,2010
The Legend of Zelda: A Link Between Worlds,3DS,Nintendo,Nintendo EAD,4,2013
Assassin's Creed Origins,PS4,Ubisoft,Ubisoft Montreal,4,2017
Far Cry 4,PS4,Ubisoft,Ubisoft Montreal,4,2014
Carnival Games,Wii,Global Star Software,Cat Daddy Games,4,2007
World Soccer Winning Eleven 9,PS2,Konami,Konami Computer Entertainment Tokyo,4,2006
Forza Motorsport 2,X360,Microsoft Game Studios,Turn 10 Studios,4,2007
Namco Museum Vol.3,PS,Namco,Namco,4,1997
Tekken Tag Tournament,PS2,Namco,Namco,4,2000
Golf,NES,Nintendo,Nintendo,4,1985
Super Mario Maker,WiiU,Nintendo,Nintendo EAD,4,2015
Arma III,PC,Bohemia Interactive,Bohemia Interactive,4,2013
Diablo II,PC,Blizzard Entertainment,Blizzard North,4,2000
Disney's Aladdin,GEN,Sega,Virgin Interactive,4,1993
EyeToy Play,PS2,Sony Computer Entertainment,SCEE London Studio,4,2003
Just Dance,Wii,Ubisoft,Ubisoft Paris,4,2009
Monster Hunter: World,PS4,Capcom,Capcom,4,2018
Star Fox 64,N64,Nintendo,Nintendo EAD,4,1997
The Last of Us: Part II,PS4,Sony Interactive Entertainment,Naughty Dog,4,2020
World of Warcraft: Wrath of the Lich King,PC,Blizzard Entertainment,Blizzard Entertainment,4,2008
Fallout 3,PS3,Bethesda Softworks,Bethesda Game Studios,4,2008
The Legend of Zelda: Oracle of Ages / Seasons,GBC,Nintendo,Capcom,4,2001
The Elder Scrolls V: Skyrim,PC,Bethesda Softworks,Bethesda Game Studios,4,2011
Namco Museum: 50th Anniversary,PS2,Namco,Digital Eclipse,4,2005
